code,system
R036.00,readv2
1614.00,readv2
1614.12,readv2
R036z00,readv2
R036100,readv2
1612.11,readv2
R030z00,readv2
1612.00,readv2
R030.00,readv2
1JZ..00,readv2
1FF..00,readv2
E275000,readv2
Eu50z00,readv2
Eu50300,readv2
Eu50y11,readv2
Eu50100,readv2
Z7D1200,readv2
1G2..00,readv2
8HTN.00,readv2
9Nk9.00,readv2
E275.00,readv2
E275y00,readv2
Eu50y00,readv2
E275z00,readv2
E275100,readv2
R036011,readv2
Eu50211,readv2
Eu50200,readv2
E264200,readv2
E275111,readv2
Eu50212,readv2
E271.00,readv2
1467.00,readv2
Eu50000,readv2